INSERT INTO FASE_LUTA(id, nome, descricao) VALUES (1, 'APROXIMAÇÃO', 'Fase de luta que compreende o tempo entre o sinal do árbitro de início de combate (hajime) e a realização do primeiro contato entre os atletas com a tentativa de pegada (kumi-kata).')	;
INSERT INTO FASE_LUTA(id, nome, descricao) VALUES (3, 'ATAQUE/DEFESA', 'Fase de luta que compreende o tempo entre a situação de entrada de golpe entre a preparação (tsukuri) e a projeção (kake) e a situação de defesa e contra-ataque.')	;
INSERT INTO FASE_LUTA(id, nome, descricao) VALUES (4, 'LUTA EM SOLO', 'Fase de luta que compreende o tempo em que os dois lutadores caracterizam a movimentação com o objetivo de executar técnicas de solo (ne-waza), conforme previsto pela regra.')	;
INSERT INTO FASE_LUTA(id, nome, descricao) VALUES (5, 'PAUSA', 'Fase de luta que compreende o tempo entre o sinal de interrupção de luta (mate ou sono-mama) e o sinal de reinício da luta (hajime e yoshi).')	;
INSERT INTO FASE_LUTA(id, nome, descricao) VALUES (2, 'PEGADA', 'Fase de luta que compreende o tempo entre o primeiro contato entre os atletas para tentar realizar a pegada (kumi-kata) e a realização da pegada.')	;

INSERT INTO ACAO_TIPO (id, nome, descricao, id_fase_luta) VALUES (1, 'APROXIMAÇÃO', 'Ações de luta que compreendem os padrões de movimentos realizados na Fase de Aproximação de Luta em Pé.', 1)	;
INSERT INTO ACAO_TIPO (id, nome, descricao, id_fase_luta) VALUES (3, 'ATAQUE', 'Ação de luta realizado na Fase de Ataque/Defesa e Projeção na Luta em Pé. É caracterizado pelo ataque, por meio de um golpe de judô, realizado por um lutador com o objetivo de projetar/imobilizar/estrangular/fazer chave de braço o oponente.', 3)	;
INSERT INTO ACAO_TIPO (id, nome, descricao, id_fase_luta) VALUES (4, 'DEFESA', 'Ação de luta realizado na Fase de Ataque/Defesa e Projeção na Luta em Pé. É realizado pelo lutador que está sofrendo um ataque com o objetivo de impedir sua projeção.', 3)	;
INSERT INTO ACAO_TIPO (id, nome, descricao, id_fase_luta) VALUES (5, 'LUTA EM SOLO', 'Ação de luta realizado na Fase de Luta de Solo. É caracterizado pela ação que realiza a transição da Luta em pé para a Luta de Solo.', 4)	;
INSERT INTO ACAO_TIPO (id, nome, descricao, id_fase_luta) VALUES (2, 'PEGADA', 'Ações de luta que compreendem os padrões de movimentos realizados na Fase de Pegada na Luta em Pé. Cada Ação de Pegada é caracterizado pela localização do posicionamento das mãos no judogi do oponente.', 2)	;
INSERT INTO ACAO_TIPO (id, nome, descricao, id_fase_luta) VALUES (6, 'COMANDO DE TEMPO', 'Ação de luta realizada pelo Árbitro que influencia no transcorrer do tempo da Luta.', 5)	;
INSERT INTO ACAO_TIPO (id, nome, descricao, id_fase_luta) VALUES (7, 'PENALIZAÇÃO', 'Ação de luta realizada pelo Árbitro na Fase de Pausa que determina uma penalização a um dos lutadores.', 5)	;

INSERT INTO ACAO (id, nome, descricao, id_tipo) VALUES (1, 'ANTEROPOSTERIOR DIREITA', 'Ação de Aproximação de Luta em Pé compreendido pela posição própria de confronto de tentativa de pegada com o pé direito em posição anteroposterior.', 1)	;
INSERT INTO ACAO (id, nome, descricao, id_tipo) VALUES (2, 'ANTEROPOSTERIOR ESQUERDA', 'Ação de Aproximação de Luta em Pé compreendido pela posição própria de confronto de tentativa de pegada com o pé esquerdo em posição anteroposterior.', 1)	;
INSERT INTO ACAO (id, nome, descricao, id_tipo) VALUES (3, 'SEM FORMA', 'Ações de Aproximação de Luta em Pé compreendido por movimentos aleatórios iniciais da luta que não remetem à tentativa de domínio do oponente ou ao posicionamento de preparação para ataque, com os pés em posição anteroposterior.', 1)	;
INSERT INTO ACAO (id, nome, descricao, id_tipo) VALUES (4, 'TENTATIVA DE PEGADA', 'Ação de Aproximação de Luta em Pé compreendido pelo momento em que se inicia o contato entre os lutadores para tentar pegar o judogi do oponente.', 1)	;
INSERT INTO ACAO (id, nome, descricao, id_tipo) VALUES (5, 'DORSAL DIREITA', 'Ação de Pegada correspondente ao agarre do lutador com uma das mãos em alguma parte da região dorsal do judogi do lado direito do corpo do oponente.', 2)	;
INSERT INTO ACAO (id, nome, descricao, id_tipo) VALUES (6, 'DORSAL DIREITA E MANGA', 'Ação de Pegada correspondente ao agarre do lutador com uma das mãos em alguma parte da região dorsal do judogi do lado direito do corpo do oponente e com a outra mão na manga do oponente.', 2)	;
INSERT INTO ACAO (id, nome, descricao, id_tipo) VALUES (7, 'DORSAL ESQUERDA', 'Ação de Pegada correspondente ao agarre do lutador com uma das mãos em alguma parte da região dorsal do judogi do lado esquerdo do corpo do oponente.', 2)	;
INSERT INTO ACAO (id, nome, descricao, id_tipo) VALUES (8, 'DORSAL ESQUERDA E MANGA', 'Ação de Pegada correspondente ao agarre do lutador com uma das mãos em alguma parte da região dorsal do judogi do lado esquerdo do corpo do oponente e com a outra mão na manga do oponente.', 2)	;
INSERT INTO ACAO (id, nome, descricao, id_tipo) VALUES (9, 'GOLA DIREITA', 'Ação de Pegada correspondente ao agarre do lutador com uma das mãos em alguma parte da gola do judogi do lado direito do corpo do oponente.', 2)	;
INSERT INTO ACAO (id, nome, descricao, id_tipo) VALUES (10, 'GOLA DIREITA E MANGA', 'Ação de Pegada correspondente ao agarre do lutador com uma das mãos em alguma parte da gola do judogi do lado direito do corpo do oponente e com a outra mão na manga.', 2)	;
INSERT INTO ACAO (id, nome, descricao, id_tipo) VALUES (11, 'GOLA ESQUERDA', 'Ação de Pegada correspondente ao agarre do lutador com uma das mãos em alguma parte da gola do judogi do lado esquerdo do corpo do oponente.', 2)	;
INSERT INTO ACAO (id, nome, descricao, id_tipo) VALUES (12, 'GOLA ESQUERDA E GOLA DIREITA', 'Ação de Pegada correspondente ao agarre do lutador com uma das mãos em alguma parte da gola do judogi do lado esquerdo e com a outra na gola do lado direito do corpo do oponente.', 2)	;
INSERT INTO ACAO (id, nome, descricao, id_tipo) VALUES (13, 'GOLA ESQUERDA E MANGA', 'Ação de Pegada correspondente ao agarre do lutador com uma das mãos em alguma parte da gola do judogi do lado esquerdo do corpo do oponente e com a outra mão na manga.', 2)	;
INSERT INTO ACAO (id, nome, descricao, id_tipo) VALUES (14, 'MANGA DIREITA', 'Ação de Pegada correspondente ao agarre do lutador com uma das mãos em alguma parte da manga do judogi do lado direito do corpo do oponente.', 2)	;
INSERT INTO ACAO (id, nome, descricao, id_tipo) VALUES (15, 'MANGA ESQUERDA', 'Ação de Pegada correspondente ao agarre do lutador com uma das mãos em alguma parte da manga do judogi do lado esquerdo do corpo do oponente.', 2)	;
INSERT INTO ACAO (id, nome, descricao, id_tipo) VALUES (16, 'MANGA ESQUERDA E MANGA DIREITA', 'Ação de Pegada correspondente ao agarre do lutador com uma das mãos em alguma parte da manga do judogi do lado esquerdo e com a outra na manga do lado direito do corpo do oponente.', 2)	;
INSERT INTO ACAO (id, nome, descricao, id_tipo) VALUES (17, 'ATAQUE', 'Ação de Ataque realizado com alguma Técnica de Projeção (nage-waza), Imobilização (osaekomi-waza), Estrangulamento (shime-waza) ou Chave de Braço (kansetsu-waza).', 3)	;
INSERT INTO ACAO (id, nome, descricao, id_tipo) VALUES (18, 'BLOQUEIO', 'Ação de Defesa em que o lutador que sofre o ataque usa o próprio corpo para bloquear o corpo do lutador que realiza o ataque.', 4)	;
INSERT INTO ACAO (id, nome, descricao, id_tipo) VALUES (19, 'CONTRA-ATAQUE', 'Ação de Defesa em que o lutador que sofre o ataque se antecipa à ação do oponente e executa uma técnica de ataque.', 4)	;
INSERT INTO ACAO (id, nome, descricao, id_tipo) VALUES (20, 'ESQUIVA PARA DIREITA', 'Ação de Defesa em que o lutador que sofre o ataque realiza um movimento de esquiva (tai-sabaki) do seu lado direito para o seu lado esquerdo, sem uso de contra-ataque.', 4)	;
INSERT INTO ACAO (id, nome, descricao, id_tipo) VALUES (21, 'ESQUIVA PARA ESQUERDA', 'Ação de Defesa em que o lutador que sofre o ataque realiza um movimento de esquiva (tai-sabaki) do seu lado esquerdo para o seu lado direito, sem uso de contra-ataque.', 4)	;
INSERT INTO ACAO (id, nome, descricao, id_tipo) VALUES (22, 'LUTA DE SOLO', 'Ação de Luta em que um ou ambos os Lutadores realizam a transição da luta em pé para luta de solo.', 5)	;
INSERT INTO ACAO (id, nome, descricao, id_tipo) VALUES (23, 'HAJIME', 'Comando de tempo realizado pelo Árbitro para sinalizar o início ou reínicio da luta.', 6)	;
INSERT INTO ACAO (id, nome, descricao, id_tipo) VALUES (24, 'MATE', 'Comando de tempo realizado pelo Árbitro para sinalizar uma pausa na luta.', 6)	;
INSERT INTO ACAO (id, nome, descricao, id_tipo) VALUES (25, 'OSAEKOMI', 'Comando de tempo realizado pelo Árbitro para iniciar a contagem de tempo quando um ataque com técnica de imobilização é bem sucedido.', 6)	;
INSERT INTO ACAO (id, nome, descricao, id_tipo) VALUES (26, 'SONOMAMA', 'Comando de tempo realizado pelo Árbitro para paralisar a contagem de tempo, assim como as ações dos lutadores, quando a luta estiver no solo.', 6)	;
INSERT INTO ACAO (id, nome, descricao, id_tipo) VALUES (27, 'SOREMADE', 'Comando de tempo realizado pelo Árbitro para sinalizar o fim da luta.', 6)	;
INSERT INTO ACAO (id, nome, descricao, id_tipo) VALUES (28, 'TOKETA', 'Comando de tempo realizado pelo Árbitro para finalizar a contagem de tempo de imobilização e indicar que um lutador conseguiu escapar de um ataque bem sucedido.', 6)	;
INSERT INTO ACAO (id, nome, descricao, id_tipo) VALUES (29, 'YOSHI', 'Comando de tempo realizado pelo Árbitro para reiniciar a contagem de tempo, assim como as ações dos lutadores, quando a luta no solo tiver sido paralisada após o comando sono-mama.', 6)	;
INSERT INTO ACAO (id, nome, descricao, id_tipo) VALUES (30, 'HANSOKU-MAKE', 'Comando realizado pelo Árbitro para indicar que um dos lutadores recebeu uma penalização grave.', 7)	;
INSERT INTO ACAO (id, nome, descricao, id_tipo) VALUES (31, 'SHIDO', 'Comando realizado pelo Árbitro para indicar que um dos lutadores recebeu uma penalização leve.', 7)	;

INSERT INTO CLASSIFICACAO_KODOKAN (id, nome, descricao) VALUES (1, 'ASHI-WAZA', 'Subdivisão das técnicas de projeção (nage-waza) classificadas como técnica de pé e perna (ashi-waza).')	;
INSERT INTO CLASSIFICACAO_KODOKAN (id, nome, descricao) VALUES (2, 'KOSHI-WAZA', 'Subdivisão das técnicas de projeção (nage-waza) classificadas como técnica de quadril (koshi-waza).')	;
INSERT INTO CLASSIFICACAO_KODOKAN (id, nome, descricao) VALUES (3, 'TE-WAZA', 'Subdivisão das técnicas de projeção (nage-waza) classificadas como técnica de mão (te-waza).')	;
INSERT INTO CLASSIFICACAO_KODOKAN (id, nome, descricao) VALUES (4, 'MA-SUTEMI-WAZA', 'Subdivisão das técnicas de projeção (nage-waza) classificadas como técnica de sacrifício frontal (ma-sutemi-waza).')	;
INSERT INTO CLASSIFICACAO_KODOKAN (id, nome, descricao) VALUES (5, 'YOKO-SUTEMI-WAZA', 'Subdivisão das técnicas de projeção (nage-waza) classificadas como técnica de sacrifício lateral (yoko-sutemi-waza).')	;
INSERT INTO CLASSIFICACAO_KODOKAN (id, nome, descricao) VALUES (6, 'KANSETSU-WAZA', 'Subdivisão das técnicas de aprisionamento (katame-waza) classificadas como técnica de chave de articulação (kansetsu-waza).')	;
INSERT INTO CLASSIFICACAO_KODOKAN (id, nome, descricao) VALUES (7, 'OSAE-KOMI-WAZA', 'Subdivisão das técnicas de aprisionamento (katame-waza) classificadas como técnica de imobilização (osae-komi-waza).')	;
INSERT INTO CLASSIFICACAO_KODOKAN (id, nome, descricao) VALUES (8, 'SHIME-WAZA', 'Subdivisão das técnicas de aprisionamento (katame-waza) classificadas como técnica de estrangulamento (shime-waza).')	;
INSERT INTO CLASSIFICACAO_KODOKAN (id, nome, descricao) VALUES (9, 'UKEMI', 'Subdivisão das técnicas de queda segura (ukemi).')	;
INSERT INTO CLASSIFICACAO_KODOKAN (id, nome, descricao) VALUES (10, 'ASHI-ATEMI-WAZA', 'Subdivisão das técnicas de ataques contundentes (atemi-waza) classificadas como técnica de perna (ashi-atemi-waza).')	;
INSERT INTO CLASSIFICACAO_KODOKAN (id, nome, descricao) VALUES (11, 'UDE-ATEMI-WAZA', 'Subdivisão das técnicas de ataques contundentes (atemi-waza) classificadas como técnica de braço (ude-atemi-waza).')	;

INSERT INTO TECNICA (id, nome, descricao, valida_em_competicao, id_classificacao_kodokan, id_classificacao_sacripanti) VALUES (1, 'ASHI-DORI-GARAMI', 'Técnica de aprisionamento de chave de perna.', '0', 6, NULL)	;
INSERT INTO TECNICA (id, nome, descricao, valida_em_competicao, id_classificacao_kodokan, id_classificacao_sacripanti) VALUES (2, 'ASHI-GARAMI', 'Técnica de aprisionamento de chave de perna.', '1', 6, NULL)	;
INSERT INTO TECNICA (id, nome, descricao, valida_em_competicao, id_classificacao_kodokan, id_classificacao_sacripanti) VALUES (3, 'ASHI-GURUMA', 'Técnica de projeção de pé giro através da perna.', '1', 1, NULL)	;
INSERT INTO TECNICA (id, nome, descricao, valida_em_competicao, id_classificacao_kodokan, id_classificacao_sacripanti) VALUES (4, 'ASHI-HISHIGI', 'Técnica de aprisionamento de chave de tornozelo', '0', 6, NULL)	;
INSERT INTO TECNICA (id, nome, descricao, valida_em_competicao, id_classificacao_kodokan, id_classificacao_sacripanti) VALUES (5, 'DAKI-WAKARE', 'Técnica de projeção de sacrifício lateral.', '1', 5, NULL)	;
INSERT INTO TECNICA (id, nome, descricao, valida_em_competicao, id_classificacao_kodokan, id_classificacao_sacripanti) VALUES (6, 'DAKIAGE', 'Técnica de projeção de quadril de levantamento para o alto arremessando.', '1', 2, NULL)	;
INSERT INTO TECNICA (id, nome, descricao, valida_em_competicao, id_classificacao_kodokan, id_classificacao_sacripanti) VALUES (7, 'DEASHI-HARAI', 'Técnica de projeção de pé de movimento de rasteira para frente.', '1', 1, NULL)	;
INSERT INTO TECNICA (id, nome, descricao, valida_em_competicao, id_classificacao_kodokan, id_classificacao_sacripanti) VALUES (8, 'DO-JIME', 'Técnica de estrangulamento do tronco (feito com as pernas).', '1', 8, NULL)	;
INSERT INTO TECNICA (id, nome, descricao, valida_em_competicao, id_classificacao_kodokan, id_classificacao_sacripanti) VALUES (9, 'EMPI-UCHI', 'Ataque contundente de braço de golpe com cotovelo.', '1', 11, NULL)	;
INSERT INTO TECNICA (id, nome, descricao, valida_em_competicao, id_classificacao_kodokan, id_classificacao_sacripanti) VALUES (10, 'GYAKU-JUJI-JIME', 'Técnica de estrangulamento com chave cruzada reversa.', '1', 8, NULL)	;
INSERT INTO TECNICA (id, nome, descricao, valida_em_competicao, id_classificacao_kodokan, id_classificacao_sacripanti) VALUES (11, 'HADAKA-JIME', 'Chave de estrangulamento sem usar o judogi (somente as mãos).', '1', 8, NULL)	;
INSERT INTO TECNICA (id, nome, descricao, valida_em_competicao, id_classificacao_kodokan, id_classificacao_sacripanti) VALUES (12, 'HANE-GOSHI', 'Técnica de projeção de quadril de levantamento com o quadril e perna.', '1', 2, NULL)	;
INSERT INTO TECNICA (id, nome, descricao, valida_em_competicao, id_classificacao_kodokan, id_classificacao_sacripanti) VALUES (13, 'HANE-GOSHI-GAESHI', 'Técnica de projeção de pé de contra-ataque com giro pelo quadril.', '1', 1, NULL)	;
INSERT INTO TECNICA (id, nome, descricao, valida_em_competicao, id_classificacao_kodokan, id_classificacao_sacripanti) VALUES (14, 'HANE-MAKIKOMI', 'Técnica de projeção de sacrifício de arremesso para cima segurando em volta.', '1', 5, NULL)	;
INSERT INTO TECNICA (id, nome, descricao, valida_em_competicao, id_classificacao_kodokan, id_classificacao_sacripanti) VALUES (15, 'HARAI-GOSHI', 'Técnica de projeção de quadril de rasteira usando o quadril.', '1', 2, NULL)	;
INSERT INTO TECNICA (id, nome, descricao, valida_em_competicao, id_classificacao_kodokan, id_classificacao_sacripanti) VALUES (16, 'HARAI-GOSHI-GAESHI', 'Técnica de projeção de pé de contra-ataque com rasteira pelo quadril.', '1', 1, NULL)	;
INSERT INTO TECNICA (id, nome, descricao, valida_em_competicao, id_classificacao_kodokan, id_classificacao_sacripanti) VALUES (17, 'HARAI-MAKIKOMI', 'Técnica de projeção de sacrifício de arremesso com &quot;ceifada&quot; com o quadril.', '1', 5, NULL)	;
INSERT INTO TECNICA (id, nome, descricao, valida_em_competicao, id_classificacao_kodokan, id_classificacao_sacripanti) VALUES (18, 'HARAI-TSURIKOMI-ASHI', 'Técnica de projeção de pé de rasteira com o pé levantando e empurrando.', '1', 1, NULL)	;
INSERT INTO TECNICA (id, nome, descricao, valida_em_competicao, id_classificacao_kodokan, id_classificacao_sacripanti) VALUES (19, 'HIKIKOMI-GAESHI', 'Técnica de projeção de sacrifício frontal.', '1', 4, NULL)	;
INSERT INTO TECNICA (id, nome, descricao, valida_em_competicao, id_classificacao_kodokan, id_classificacao_sacripanti) VALUES (20, 'HIZA-GURUMA', 'Técnica de projeção de pé de rodar pelo joelho.', '1', 1, NULL)	;
INSERT INTO TECNICA (id, nome, descricao, valida_em_competicao, id_classificacao_kodokan, id_classificacao_sacripanti) VALUES (21, 'HIZA-HISHIGI', 'Técnica de aprisionamento de chave de joelho.', '0', 6, NULL)	;
INSERT INTO TECNICA (id, nome, descricao, valida_em_competicao, id_classificacao_kodokan, id_classificacao_sacripanti) VALUES (22, 'IPPON-SEOI-NAGE', 'Técnica de projeção de mão com um braço e o ombro.', '1', 3, NULL)	;
INSERT INTO TECNICA (id, nome, descricao, valida_em_competicao, id_classificacao_kodokan, id_classificacao_sacripanti) VALUES (23, 'JIGOKU-JIME', 'Técnica de aprisionamento de estrangulamento da posição do crucifixo ou &quot;estrangulamento infernal&quot;.', '0', 8, NULL)	;
INSERT INTO TECNICA (id, nome, descricao, valida_em_competicao, id_classificacao_kodokan, id_classificacao_sacripanti) VALUES (24, 'KAMI-ATE', 'Ataque contundente de braço de golpes para cima.', '1', 11, NULL)	;
INSERT INTO TECNICA (id, nome, descricao, valida_em_competicao, id_classificacao_kodokan, id_classificacao_sacripanti) VALUES (25, 'KAMI-SHIHO-GATAME', 'Técnica de imobilização da parte superior pelos quatro pontos.', '1', 7, NULL)	;
INSERT INTO TECNICA (id, nome, descricao, valida_em_competicao, id_classificacao_kodokan, id_classificacao_sacripanti) VALUES (26, 'KANI-BASAMI', 'Técnica de projeção de sacrifício de arremesso de tesoura.', '1', 5, NULL)	;
INSERT INTO TECNICA (id, nome, descricao, valida_em_competicao, id_classificacao_kodokan, id_classificacao_sacripanti) VALUES (27, 'KATA-GATAME', 'Técnica de imobilização de prender com o ombro e pescoço.', '1', 7, NULL)	;
INSERT INTO TECNICA (id, nome, descricao, valida_em_competicao, id_classificacao_kodokan, id_classificacao_sacripanti) VALUES (28, 'KATA-GURUMA', 'Técnica de projeção de mão de giro pelo ombro.', '1', 3, NULL)	;
INSERT INTO TECNICA (id, nome, descricao, valida_em_competicao, id_classificacao_kodokan, id_classificacao_sacripanti) VALUES (29, 'KATA-HA-JIME', 'Técnica de estrangulamento de chave com um braço na nuca.', '1', 8, NULL)	;
INSERT INTO TECNICA (id, nome, descricao, valida_em_competicao, id_classificacao_kodokan, id_classificacao_sacripanti) VALUES (30, 'KATA-JUJI-JIME', 'Técnica de aprisionamento de estrnagulamento de meia chave de estrangulamento cruzada combinada.', '1', 8, NULL)	;
INSERT INTO TECNICA (id, nome, descricao, valida_em_competicao, id_classificacao_kodokan, id_classificacao_sacripanti) VALUES (31, 'KATATE-JIME', 'Técnica de aprisionamento de estrangulamento com uma mão.', '1', 8, NULL)	;
INSERT INTO TECNICA (id, nome, descricao, valida_em_competicao, id_classificacao_kodokan, id_classificacao_sacripanti) VALUES (32, 'KAWAZU-GAKE', 'Técnica de projeção de sacrifício com captura envolvendo com uma perna.', '1', 5, NULL)	;
INSERT INTO TECNICA (id, nome, descricao, valida_em_competicao, id_classificacao_kodokan, id_classificacao_sacripanti) VALUES (33, 'KESA-GATAME', 'Técnica de imobilização de pegada de pescoço e braço.', '1', 7, NULL)	;
INSERT INTO TECNICA (id, nome, descricao, valida_em_competicao, id_classificacao_kodokan, id_classificacao_sacripanti) VALUES (34, 'KIBISU-GAESHI', 'Técnica de projeção de mão de queda com uma mão segurando a perna.', '1', 3, NULL)	;
INSERT INTO TECNICA (id, nome, descricao, valida_em_competicao, id_classificacao_kodokan, id_classificacao_sacripanti) VALUES (35, 'KIRIOROSHI', 'Ataque contundente de braço de corte para baixo.', '1', 11, NULL)	;
INSERT INTO TECNICA (id, nome, descricao, valida_em_competicao, id_classificacao_kodokan, id_classificacao_sacripanti) VALUES (36, 'KOSHI-GURUMA', 'Técnica de projeção de quadril de giro pelo quadril.', '1', 2, NULL)	;
INSERT INTO TECNICA (id, nome, descricao, valida_em_competicao, id_classificacao_kodokan, id_classificacao_sacripanti) VALUES (37, 'KOSOTO-GAKE', 'Técnica de projeção de pé de pequeno gancho por fora.', '1', 1, NULL)	;
INSERT INTO TECNICA (id, nome, descricao, valida_em_competicao, id_classificacao_kodokan, id_classificacao_sacripanti) VALUES (38, 'KOSOTO-GARI', 'Técnica de projeção de pé de pequena rasteira por fora.', '1', 1, NULL)	;
INSERT INTO TECNICA (id, nome, descricao, valida_em_competicao, id_classificacao_kodokan, id_classificacao_sacripanti) VALUES (39, 'KOUCHI-GAESHI', 'Técnica de projeção de mão de contra-ataque de arremesso com pequena rasteira por dentro.', '1', 3, NULL)	;
INSERT INTO TECNICA (id, nome, descricao, valida_em_competicao, id_classificacao_kodokan, id_classificacao_sacripanti) VALUES (40, 'KOUCHI-GARI', 'Técnica de projeção de pé de pequena rasteira por dentro.', '1', 1, NULL)	;
INSERT INTO TECNICA (id, nome, descricao, valida_em_competicao, id_classificacao_kodokan, id_classificacao_sacripanti) VALUES (41, 'KUCHIKI-TAOSHI', 'Técnica de projeção de mão de queda com uma mão segurando o calcanhar.', '1', 3, NULL)	;
INSERT INTO TECNICA (id, nome, descricao, valida_em_competicao, id_classificacao_kodokan, id_classificacao_sacripanti) VALUES (42, 'KUZURE-KAMI-SHIHO-GATAME', 'Variação da técnica de imobilização da parte superior pelos quatro pontos.', '1', 7, NULL)	;
INSERT INTO TECNICA (id, nome, descricao, valida_em_competicao, id_classificacao_kodokan, id_classificacao_sacripanti) VALUES (43, 'KUZURE-KESA-GATAME', 'Variação da técnica de imobilização de pegada de pescoço e braço cruzado.', '1', 7, NULL)	;
INSERT INTO TECNICA (id, nome, descricao, valida_em_competicao, id_classificacao_kodokan, id_classificacao_sacripanti) VALUES (44, 'MAE-ATE', 'Ataque contundente de perna de golpe frontal.', '1', 10, NULL)	;
INSERT INTO TECNICA (id, nome, descricao, valida_em_competicao, id_classificacao_kodokan, id_classificacao_sacripanti) VALUES (45, 'MAE-GERI', 'Ataque contundente de perna de chute frontal.', '1', 10, NULL)	;
INSERT INTO TECNICA (id, nome, descricao, valida_em_competicao, id_classificacao_kodokan, id_classificacao_sacripanti) VALUES (46, 'MAE-UKEMI', 'Técnica de queda para frente.', '1', 9, NULL)	;
INSERT INTO TECNICA (id, nome, descricao, valida_em_competicao, id_classificacao_kodokan, id_classificacao_sacripanti) VALUES (47, 'MOROTE-GARI', 'Técnica de projeção de mão de derrubar agarrando com as duas mãos.', '1', 3, NULL)	;
INSERT INTO TECNICA (id, nome, descricao, valida_em_competicao, id_classificacao_kodokan, id_classificacao_sacripanti) VALUES (48, 'NAMI-JUJI-JIME', 'Técnica de aprisionamento de estrangulamento de chave cruzada normal.', '1', 8, NULL)	;
INSERT INTO TECNICA (id, nome, descricao, valida_em_competicao, id_classificacao_kodokan, id_classificacao_sacripanti) VALUES (49, 'NANAME-ATE', 'Ataque contundente de braço de grande soco cruzado.', '1', 11, NULL)	;
INSERT INTO TECNICA (id, nome, descricao, valida_em_competicao, id_classificacao_kodokan, id_classificacao_sacripanti) VALUES (50, 'NANAME-GERI', 'Ataque contundente de perna de chute cruzado.', '1', 10, NULL)	;
INSERT INTO TECNICA (id, nome, descricao, valida_em_competicao, id_classificacao_kodokan, id_classificacao_sacripanti) VALUES (51, 'NANAME-UCHI', 'Ataque contundente de braço de golpe diagonal.', '1', 11, NULL)	;
INSERT INTO TECNICA (id, nome, descricao, valida_em_competicao, id_classificacao_kodokan, id_classificacao_sacripanti) VALUES (52, 'O-GOSHI', 'Técnica de projeção de quadril de grande arremesso com o quadril.', '1', 2, NULL)	;
INSERT INTO TECNICA (id, nome, descricao, valida_em_competicao, id_classificacao_kodokan, id_classificacao_sacripanti) VALUES (53, 'O-GURUMA', 'Técnica de projeção de pé de grande giro.', '0', 1, NULL)	;
INSERT INTO TECNICA (id, nome, descricao, valida_em_competicao, id_classificacao_kodokan, id_classificacao_sacripanti) VALUES (54, 'OBI-OTOSHI', 'Técnica de projeção de mão de arremesso segurando a faixa.', '1', 3, NULL)	;
INSERT INTO TECNICA (id, nome, descricao, valida_em_competicao, id_classificacao_kodokan, id_classificacao_sacripanti) VALUES (55, 'OKURI-ASHI-HARAI', 'Técnica de projeção de pé de rasteira com o pé.', '1', 1, NULL)	;
INSERT INTO TECNICA (id, nome, descricao, valida_em_competicao, id_classificacao_kodokan, id_classificacao_sacripanti) VALUES (56, 'OKURI-ERI-JIME', 'Técnica de aprisionamento de estrangulamento de chave deslizante de gola.', '1', 8, NULL)	;
INSERT INTO TECNICA (id, nome, descricao, valida_em_competicao, id_classificacao_kodokan, id_classificacao_sacripanti) VALUES (57, 'OSOTO-GAESHI', 'Técnica de projeção de pé de contra-ataque de arremesso com grande rasteira por fora.', '1', 1, NULL)	;
INSERT INTO TECNICA (id, nome, descricao, valida_em_competicao, id_classificacao_kodokan, id_classificacao_sacripanti) VALUES (58, 'OSOTO-GARI', 'Técnica de projeção de pé de grande rasteira externa.', '1', 1, NULL)	;
INSERT INTO TECNICA (id, nome, descricao, valida_em_competicao, id_classificacao_kodokan, id_classificacao_sacripanti) VALUES (59, 'OSOTO-GURUMA', 'Técnica de projeção de pé de grande giro externo.', '1', 1, NULL)	;
INSERT INTO TECNICA (id, nome, descricao, valida_em_competicao, id_classificacao_kodokan, id_classificacao_sacripanti) VALUES (60, 'OSOTO-MAKIKOMI', 'Técnica de projeção de sacrifício lateral de arremesso com grande enganchamento por fora.', '1', 5, NULL)	;
INSERT INTO TECNICA (id, nome, descricao, valida_em_competicao, id_classificacao_kodokan, id_classificacao_sacripanti) VALUES (61, 'OSOTO-OTOSHI', 'Técnica de projeção de pé.', '1', 1, NULL)	;
INSERT INTO TECNICA (id, nome, descricao, valida_em_competicao, id_classificacao_kodokan, id_classificacao_sacripanti) VALUES (62, 'OUCHI-GAESHI', 'Técnica de projeção de pé de contra-ataque de arremesso com grande rasteira por dentro.', '1', 1, NULL)	;
INSERT INTO TECNICA (id, nome, descricao, valida_em_competicao, id_classificacao_kodokan, id_classificacao_sacripanti) VALUES (63, 'OUCHI-GARI', 'Técnica de projeção de pé de grande rasteira por dentro.', '1', 1, NULL)	;
INSERT INTO TECNICA (id, nome, descricao, valida_em_competicao, id_classificacao_kodokan, id_classificacao_sacripanti) VALUES (64, 'RYOGAN-TSUKI', 'Ataque contundente de braço de golpe nos dois olhos.', '1', 11, NULL)	;
INSERT INTO TECNICA (id, nome, descricao, valida_em_competicao, id_classificacao_kodokan, id_classificacao_sacripanti) VALUES (65, 'RYOTE-JIME', 'Técnica de aprisionamento de estrangulamento com as duas mãos.', '1', 8, NULL)	;
INSERT INTO TECNICA (id, nome, descricao, valida_em_competicao, id_classificacao_kodokan, id_classificacao_sacripanti) VALUES (66, 'SANKAKU-GARAMI', 'Técnica de aprisionamento de chave de braço triangular.', '0', 6, NULL)	;
INSERT INTO TECNICA (id, nome, descricao, valida_em_competicao, id_classificacao_kodokan, id_classificacao_sacripanti) VALUES (67, 'SANKAKU-GATAME', 'Técnica de imobilização triangular.', '0', 7, NULL)	;
INSERT INTO TECNICA (id, nome, descricao, valida_em_competicao, id_classificacao_kodokan, id_classificacao_sacripanti) VALUES (68, 'SANKAKU-JIME', 'Técnica de aprisionamento de estrangulamento triangular.', '1', 8, NULL)	;
INSERT INTO TECNICA (id, nome, descricao, valida_em_competicao, id_classificacao_kodokan, id_classificacao_sacripanti) VALUES (69, 'SASAE-TSURIKOMI-ASHI', 'Técnica de projeção de pé de arremesso com o pé de apoio &quot;levantar e puxar&quot;.', '1', 1, NULL)	;
INSERT INTO TECNICA (id, nome, descricao, valida_em_competicao, id_classificacao_kodokan, id_classificacao_sacripanti) VALUES (70, 'SEOI-NAGE', 'Técnica de projeção de mão de arremesso pelo ombro e braço.', '1', 3, NULL)	;
INSERT INTO TECNICA (id, nome, descricao, valida_em_competicao, id_classificacao_kodokan, id_classificacao_sacripanti) VALUES (71, 'SEOI-OTOSHI', 'Variação de técnica de projeção de mão de arremesso pelo ombro e braço.', '1', 3, NULL)	;
INSERT INTO TECNICA (id, nome, descricao, valida_em_competicao, id_classificacao_kodokan, id_classificacao_sacripanti) VALUES (72, 'SHIMO-TSUKI', 'Ataque contundente de braço de golpe para baixo.', '1', 11, NULL)	;
INSERT INTO TECNICA (id, nome, descricao, valida_em_competicao, id_classificacao_kodokan, id_classificacao_sacripanti) VALUES (73, 'SODE-GURUMA-JIME', 'Técnica de aprisionamento de estrangulamento em roda com a manga.', '1', 8, NULL)	;
INSERT INTO TECNICA (id, nome, descricao, valida_em_competicao, id_classificacao_kodokan, id_classificacao_sacripanti) VALUES (74, 'SODE-TSURIKOMI-GOSHI', 'Técnica de projeção de quadril de arremesso com o quadril com levantamento e puxão pela manga.', '1', 2, NULL)	;
INSERT INTO TECNICA (id, nome, descricao, valida_em_competicao, id_classificacao_kodokan, id_classificacao_sacripanti) VALUES (75, 'SOTO-MAKIKOMI', 'Técnica de projeção de sacrifício de arremesso para fora segurando em volta.', '1', 5, NULL)	;
INSERT INTO TECNICA (id, nome, descricao, valida_em_competicao, id_classificacao_kodokan, id_classificacao_sacripanti) VALUES (76, 'SUKUI-NAGE', 'Técnica de projeção de mão de arremesso levantando as duas pernas e jogando para trás.', '1', 3, NULL)	;
INSERT INTO TECNICA (id, nome, descricao, valida_em_competicao, id_classificacao_kodokan, id_classificacao_sacripanti) VALUES (77, 'SUMI-GAESHI', 'Técnica de projeção de sacrifício de arrmesso para a diagonal.', '1', 4, NULL)	;
INSERT INTO TECNICA (id, nome, descricao, valida_em_competicao, id_classificacao_kodokan, id_classificacao_sacripanti) VALUES (78, 'SUMI-OTOSHI', 'Técnica de projeção de mão de arremesso para a diagonal.', '1', 3, NULL)	;
INSERT INTO TECNICA (id, nome, descricao, valida_em_competicao, id_classificacao_kodokan, id_classificacao_sacripanti) VALUES (79, 'TAI-OTOSHI', 'Técnica de projeção de mão de queda de corpo.', '1', 3, NULL)	;
INSERT INTO TECNICA (id, nome, descricao, valida_em_competicao, id_classificacao_kodokan, id_classificacao_sacripanti) VALUES (80, 'TAKA-GERI', 'Ataque contundente de perna de chute alto frontal.', '1', 10, NULL)	;
INSERT INTO TECNICA (id, nome, descricao, valida_em_competicao, id_classificacao_kodokan, id_classificacao_sacripanti) VALUES (81, 'TAMA-GURUMA', 'Técnica de projeção de sacrifício lateral de giro pelo ombro (similar a kata-guruma).', '0', 5, NULL)	;
INSERT INTO TECNICA (id, nome, descricao, valida_em_competicao, id_classificacao_kodokan, id_classificacao_sacripanti) VALUES (82, 'TANI-OTOSHI', 'Técnica de projeção de sacrifício de queda do vale.', '1', 5, NULL)	;
INSERT INTO TECNICA (id, nome, descricao, valida_em_competicao, id_classificacao_kodokan, id_classificacao_sacripanti) VALUES (83, 'TATE-SHIHO-GATAME', 'Técnica de imobilização frontal segurando pelos quatro cantos.', '1', 7, NULL)	;
INSERT INTO TECNICA (id, nome, descricao, valida_em_competicao, id_classificacao_kodokan, id_classificacao_sacripanti) VALUES (84, 'TAWARA-GAESHI', 'Técnica de projeção de sacrifício frontal de arremesso do &quot;saco de arroz&quot;.', '1', 4, NULL)	;
INSERT INTO TECNICA (id, nome, descricao, valida_em_competicao, id_classificacao_kodokan, id_classificacao_sacripanti) VALUES (85, 'TE-GURUMA', 'Técnica de projeção de mão de roda de mão.', '0', 3, NULL)	;
INSERT INTO TECNICA (id, nome, descricao, valida_em_competicao, id_classificacao_kodokan, id_classificacao_sacripanti) VALUES (86, 'TOBI-GOSHI', 'Técnica de projeção de quadril de arremesso com o quadril levantando e puxando similar a tsurikomi-goshi.', '0', 2, NULL)	;
INSERT INTO TECNICA (id, nome, descricao, valida_em_competicao, id_classificacao_kodokan, id_classificacao_sacripanti) VALUES (87, 'TOMOE-NAGE', 'Técnica de projeção de sacrifício de arremesso circular frontal.', '1', 4, NULL)	;
INSERT INTO TECNICA (id, nome, descricao, valida_em_competicao, id_classificacao_kodokan, id_classificacao_sacripanti) VALUES (88, 'TSUBAME-GAESHI', 'Técnica de projeção de pé de contra-ataque da &quot;andorinha&quot;.', '1', 1, NULL)	;
INSERT INTO TECNICA (id, nome, descricao, valida_em_competicao, id_classificacao_kodokan, id_classificacao_sacripanti) VALUES (89, 'TSUKIAGE', 'Ataque contundente de braço de soco &quot;uppercut&quot;.', '1', 11, NULL)	;
INSERT INTO TECNICA (id, nome, descricao, valida_em_competicao, id_classificacao_kodokan, id_classificacao_sacripanti) VALUES (90, 'TSUKIDASHI', 'Ataque contundente de braço de empurraão com a mão.', '1', 11, NULL)	;
INSERT INTO TECNICA (id, nome, descricao, valida_em_competicao, id_classificacao_kodokan, id_classificacao_sacripanti) VALUES (91, 'TSUKKAKE', 'Ataque contundente de braço de soco no estômago.', '1', 11, NULL)	;
INSERT INTO TECNICA (id, nome, descricao, valida_em_competicao, id_classificacao_kodokan, id_classificacao_sacripanti) VALUES (92, 'TSUKKOMI-JIME', 'Técnica de aprisionamento de estrangulamento empurrando.', '1', 8, NULL)	;
INSERT INTO TECNICA (id, nome, descricao, valida_em_competicao, id_classificacao_kodokan, id_classificacao_sacripanti) VALUES (93, 'TSURI-GOSHI', 'Técnica de projeção de quadril de arremesso levantando com o quadril pela faixa.', '1', 2, NULL)	;
INSERT INTO TECNICA (id, nome, descricao, valida_em_competicao, id_classificacao_kodokan, id_classificacao_sacripanti) VALUES (94, 'TSURIKOMI-GOSHI', 'Técnica de projeção de quadril de arremesso com o quadril levantando e puxando.', '1', 2, NULL)	;
INSERT INTO TECNICA (id, nome, descricao, valida_em_competicao, id_classificacao_kodokan, id_classificacao_sacripanti) VALUES (95, 'UCHI-MAKIKOMI', 'Técnica de projeção de sacrifício de arremesso para fora segurando embaixo do ombro.', '1', 5, NULL)	;
INSERT INTO TECNICA (id, nome, descricao, valida_em_competicao, id_classificacao_kodokan, id_classificacao_sacripanti) VALUES (96, 'UCHI-MATA', 'Técnica de projeção de pé de arremesso levantando por entre as pernas.', '1', 1, NULL)	;
INSERT INTO TECNICA (id, nome, descricao, valida_em_competicao, id_classificacao_kodokan, id_classificacao_sacripanti) VALUES (97, 'UCHI-MATA-GAESHI', 'Técnica de projeção de pé ou perna de contra-ataque do arremesso que engancha pela parte interna da coxa.', '1', 1, NULL)	;
INSERT INTO TECNICA (id, nome, descricao, valida_em_competicao, id_classificacao_kodokan, id_classificacao_sacripanti) VALUES (98, 'UCHI-MATA-MAKIKOMI', 'Técnica de projeção de sacrifício de arremesso enganchado pela parte interna da coxa.', '1', 5, NULL)	;
INSERT INTO TECNICA (id, nome, descricao, valida_em_competicao, id_classificacao_kodokan, id_classificacao_sacripanti) VALUES (99, 'UCHI-MATA-SUKASHI', 'Técnica de projeção de mão de desvencilhar a entrada entre as pernas.', '1', 3, NULL)	;
INSERT INTO TECNICA (id, nome, descricao, valida_em_competicao, id_classificacao_kodokan, id_classificacao_sacripanti) VALUES (100, 'UCHIOROSHI', 'Ataque contundente de braço de golpe para baixo.', '1', 11, NULL)	;
INSERT INTO TECNICA (id, nome, descricao, valida_em_competicao, id_classificacao_kodokan, id_classificacao_sacripanti) VALUES (101, 'UDE-GAESHI', 'Variação da técnica de projeção de sacrifício de separação lateral.', '0', 5, NULL)	;
INSERT INTO TECNICA (id, nome, descricao, valida_em_competicao, id_classificacao_kodokan, id_classificacao_sacripanti) VALUES (102, 'UDE-GARAMI', 'Técnica de aprisionamento de chave de braço (chave do &quot;número quatro&quot;).', '1', 6, NULL)	;
INSERT INTO TECNICA (id, nome, descricao, valida_em_competicao, id_classificacao_kodokan, id_classificacao_sacripanti) VALUES (103, 'UDE-HISHIGI-ASHI-GATAME', 'Técnica de aprisionamento de chave de braço com a perna.', '1', 6, NULL)	;
INSERT INTO TECNICA (id, nome, descricao, valida_em_competicao, id_classificacao_kodokan, id_classificacao_sacripanti) VALUES (104, 'UDE-HISHIGI-HARA-GATAME', 'Técnica de aprisionamento de chave de braço com a barriga.', '1', 6, NULL)	;
INSERT INTO TECNICA (id, nome, descricao, valida_em_competicao, id_classificacao_kodokan, id_classificacao_sacripanti) VALUES (105, 'UDE-HISHIGI-HIZA-GATAME', 'Técnica de aprisionamento de chave de braço com o joelho.', '1', 6, NULL)	;
INSERT INTO TECNICA (id, nome, descricao, valida_em_competicao, id_classificacao_kodokan, id_classificacao_sacripanti) VALUES (106, 'UDE-HISHIGI-JUJI-GATAME', 'Técnica de aprisionamento de chave de braço cruzada.', '1', 6, NULL)	;
INSERT INTO TECNICA (id, nome, descricao, valida_em_competicao, id_classificacao_kodokan, id_classificacao_sacripanti) VALUES (107, 'UDE-HISHIGI-SANKAKU-GATAME', 'Técnica de aprisionamento de chave de braço de forma triangular.', '1', 6, NULL)	;
INSERT INTO TECNICA (id, nome, descricao, valida_em_competicao, id_classificacao_kodokan, id_classificacao_sacripanti) VALUES (108, 'UDE-HISHIGI-TE-GATAME', 'Técnica de aprisionamento de chave de braço com a mão.', '1', 6, NULL)	;
INSERT INTO TECNICA (id, nome, descricao, valida_em_competicao, id_classificacao_kodokan, id_classificacao_sacripanti) VALUES (109, 'UDE-HISHIGI-UDE-GATAME', 'Técnica de aprisionamento de chave de braço.', '1', 6, NULL)	;
INSERT INTO TECNICA (id, nome, descricao, valida_em_competicao, id_classificacao_kodokan, id_classificacao_sacripanti) VALUES (110, 'UDE-HISHIGI-WAKI-GATAME', 'Técnica de aprisionamento de chave de braço prendendo pela axila.', '1', 6, NULL)	;
INSERT INTO TECNICA (id, nome, descricao, valida_em_competicao, id_classificacao_kodokan, id_classificacao_sacripanti) VALUES (111, 'UKI-GATAME', 'Técnica de imobilização de pegada flutuante.', '0', 7, NULL)	;
INSERT INTO TECNICA (id, nome, descricao, valida_em_competicao, id_classificacao_kodokan, id_classificacao_sacripanti) VALUES (112, 'UKI-GOSHI', 'Técnica de projeção de quadril de arremesso flutuante com o quadril.', '1', 2, NULL)	;
INSERT INTO TECNICA (id, nome, descricao, valida_em_competicao, id_classificacao_kodokan, id_classificacao_sacripanti) VALUES (113, 'UKI-OTOSHI', 'Técnica de projeção de mão de queda flutuante.', '1', 3, NULL)	;
INSERT INTO TECNICA (id, nome, descricao, valida_em_competicao, id_classificacao_kodokan, id_classificacao_sacripanti) VALUES (114, 'URA-GATAME', 'Técnica de imobilização de segurar com as costas.', '0', 7, NULL)	;
INSERT INTO TECNICA (id, nome, descricao, valida_em_competicao, id_classificacao_kodokan, id_classificacao_sacripanti) VALUES (115, 'URA-KESA-GATAME', 'Uma variação (pegada por trás) da técnica de imobilização de pegada de pescoço e braço (kesa-gatame).', '0', 7, NULL)	;
INSERT INTO TECNICA (id, nome, descricao, valida_em_competicao, id_classificacao_kodokan, id_classificacao_sacripanti) VALUES (116, 'URA-NAGE', 'Técnica de projeção de sacrificio de arremesso para trás.', '1', 4, NULL)	;
INSERT INTO TECNICA (id, nome, descricao, valida_em_competicao, id_classificacao_kodokan, id_classificacao_sacripanti) VALUES (117, 'USHIRO-ATE', 'Ataque contundente de soco para trás.', '1', 11, NULL)	;
INSERT INTO TECNICA (id, nome, descricao, valida_em_competicao, id_classificacao_kodokan, id_classificacao_sacripanti) VALUES (118, 'USHIRO-GERI', 'Ataque contundente de perna de chute para trás.', '1', 10, NULL)	;
INSERT INTO TECNICA (id, nome, descricao, valida_em_competicao, id_classificacao_kodokan, id_classificacao_sacripanti) VALUES (119, 'USHIRO-GOSHI', 'Técnica de projeção de quadril de arremesso para trás com o quadril.', '1', 2, NULL)	;
INSERT INTO TECNICA (id, nome, descricao, valida_em_competicao, id_classificacao_kodokan, id_classificacao_sacripanti) VALUES (120, 'USHIRO-GURUMA', 'Técnica de projeção de quadril de arremesso com o quadril similar a hane-goshi.', '0', 2, NULL)	;
INSERT INTO TECNICA (id, nome, descricao, valida_em_competicao, id_classificacao_kodokan, id_classificacao_sacripanti) VALUES (121, 'USHIRO-KESA-GATAME', 'Uma variação (pegada reversa) da técnica de imobilização de pegada de pescoço e braço (kesa-gatame).', '0', 7, NULL)	;
INSERT INTO TECNICA (id, nome, descricao, valida_em_competicao, id_classificacao_kodokan, id_classificacao_sacripanti) VALUES (122, 'USHIRO-SUMI-TSUKI', 'Ataque contundente com o braço golpeando para diagonal traseira.', '1', 11, NULL)	;
INSERT INTO TECNICA (id, nome, descricao, valida_em_competicao, id_classificacao_kodokan, id_classificacao_sacripanti) VALUES (123, 'USHIRO-TSUKI', 'Variação de ataque contundente com o braço golpeando para trás.', '1', 11, NULL)	;
INSERT INTO TECNICA (id, nome, descricao, valida_em_competicao, id_classificacao_kodokan, id_classificacao_sacripanti) VALUES (124, 'USHIRO-UCHI', 'Ataque contundente com o braço golpeando para trás.', '1', 11, NULL)	;
INSERT INTO TECNICA (id, nome, descricao, valida_em_competicao, id_classificacao_kodokan, id_classificacao_sacripanti) VALUES (125, 'USHIRO-UKEMI', 'Técnica de queda para trás.', '1', 9, NULL)	;
INSERT INTO TECNICA (id, nome, descricao, valida_em_competicao, id_classificacao_kodokan, id_classificacao_sacripanti) VALUES (126, 'UTSURI-GOSHI', 'Técnica de projeção de quadril de mudança do quadril.', '1', 2, NULL)	;
INSERT INTO TECNICA (id, nome, descricao, valida_em_competicao, id_classificacao_kodokan, id_classificacao_sacripanti) VALUES (127, 'YAMA-ARASHI', 'Técnica de projeção de mão da &quot;tempestade de montanha&quot;.', '1', 3, NULL)	;
INSERT INTO TECNICA (id, nome, descricao, valida_em_competicao, id_classificacao_kodokan, id_classificacao_sacripanti) VALUES (128, 'YOKO-ATE', 'Ataque contundente com golpe lateral.', '1', 11, NULL)	;
INSERT INTO TECNICA (id, nome, descricao, valida_em_competicao, id_classificacao_kodokan, id_classificacao_sacripanti) VALUES (129, 'YOKO-GAKE', 'Técnica de projeção de sacríficio de arremesso lateral.', '1', 5, NULL)	;
INSERT INTO TECNICA (id, nome, descricao, valida_em_competicao, id_classificacao_kodokan, id_classificacao_sacripanti) VALUES (130, 'YOKO-GERI', 'Ataque contundente de perna de chute lateral.', '1', 10, NULL)	;
INSERT INTO TECNICA (id, nome, descricao, valida_em_competicao, id_classificacao_kodokan, id_classificacao_sacripanti) VALUES (131, 'YOKO-GURUMA', 'Técnica de projeção de sacrifício de giro lateral.', '1', 5, NULL)	;
INSERT INTO TECNICA (id, nome, descricao, valida_em_competicao, id_classificacao_kodokan, id_classificacao_sacripanti) VALUES (132, 'YOKO-OTOSHI', 'Técnica de projeção de sacrifício de queda lateral.', '1', 5, NULL)	;
INSERT INTO TECNICA (id, nome, descricao, valida_em_competicao, id_classificacao_kodokan, id_classificacao_sacripanti) VALUES (133, 'YOKO-SHIHO-GATAME', 'Técnica de imobilização de pegada lateral pelos quatro cantos.', '1', 7, NULL)	;
INSERT INTO TECNICA (id, nome, descricao, valida_em_competicao, id_classificacao_kodokan, id_classificacao_sacripanti) VALUES (134, 'YOKO-TOMOE-NAGE', 'Técnica de projeção de sacrifício de arremesso circular lateral (variação de tomoe-nage).', '0', 5, NULL)	;
INSERT INTO TECNICA (id, nome, descricao, valida_em_competicao, id_classificacao_kodokan, id_classificacao_sacripanti) VALUES (135, 'YOKO-UCHI', 'Ataque contundente com golpe lateral.', '1', 11, NULL)	;
INSERT INTO TECNICA (id, nome, descricao, valida_em_competicao, id_classificacao_kodokan, id_classificacao_sacripanti) VALUES (136, 'YOKO-UKEMI', 'Técnica de queda lateral.', '1', 9, NULL)	;
INSERT INTO TECNICA (id, nome, descricao, valida_em_competicao, id_classificacao_kodokan, id_classificacao_sacripanti) VALUES (137, 'YOKO-WAKARE', 'Técnica de projeção de sacrifício de separação lateral.', '1', 5, NULL)	;
INSERT INTO TECNICA (id, nome, descricao, valida_em_competicao, id_classificacao_kodokan, id_classificacao_sacripanti) VALUES (138, 'ZEMPO-KAITEN-UKEMI', 'Técnica de queda com rolamento para frente.', '1', 9, NULL)	;

INSERT INTO TECNICA_PONTUACAO (id, nome, descricao) VALUES (1, 'IPPON', 'Pontuação máxima – acontece quando um competidor realiza uma técnica de projeção com força e velocidade suficientes de modo que as costas do oponente encostem completamente no solo; na luta de solo quando o oponente é mantido imobilizado por 20 segundos com uso de alguma técnica de imobilização; ou quando desiste ou desmaia ao levar alguma técnica de estrangulamento ou chave de braço.')	;
INSERT INTO TECNICA_PONTUACAO (id, nome, descricao) VALUES (2, 'WAZA-ARI', 'Meio ponto – considerado um “quase ippon”, acontece quando uma projeção não apresenta força ou velocidade suficiente para ser considerada ippon ou quando as costas do oponente não tocam completamente o chão. Também acontece na luta de solo quando o oponente é mantido imobilizado por mais de 15 e menos de 20 segundos.')	;
INSERT INTO TECNICA_PONTUACAO (id, nome, descricao) VALUES (3, 'YUKO', 'Pontuação mínima – também considerada um “quase waza-ari”, acontece quando uma projeção não apresenta dois dos três elementos de um ippon – o oponente encostar completamente as costas no chão, velocidade ou força na execução da técnica. Geralmente é caracterizada quando o oponente é projetado de lado. Acontece na luta de solo quando o oponente é imobilizado por mais de 10 e menos de 15 segundos.')	;

INSERT INTO TECNICA_DIRECAO (id, nome, descricao) VALUES (1, 'FRENTE', 'Direção do golpe em que projeta o lutador na direção para frente.')	;
INSERT INTO TECNICA_DIRECAO (id, nome, descricao) VALUES (2, 'FRENTE DIREITA', 'Direção do golpe em que projeta o lutador na direção diagonal direita para frente.')	;
INSERT INTO TECNICA_DIRECAO (id, nome, descricao) VALUES (3, 'DIREITA', 'Direção do golpe em que projeta o lutador na direção direita.')	;
INSERT INTO TECNICA_DIRECAO (id, nome, descricao) VALUES (4, 'ATRÁS DIREITA', 'Direção do golpe em que projeta o lutador na direção diagonal direita para trás.')	;
INSERT INTO TECNICA_DIRECAO (id, nome, descricao) VALUES (5, 'ATRÁS', 'Direção do golpe em que projeta o lutador na direção atrás.')	;
INSERT INTO TECNICA_DIRECAO (id, nome, descricao) VALUES (6, 'ATRÁS ESQUERDA', 'Direção do golpe em que projeta o lutador na direção diagonal esquerda para trás.')	;
INSERT INTO TECNICA_DIRECAO (id, nome, descricao) VALUES (7, 'ESQUERDA', 'Direção do golpe em que projeta o lutador na direção esquerda.')	;
INSERT INTO TECNICA_DIRECAO (id, nome, descricao) VALUES (8, 'FRENTE ESQUERDA', 'Direção do golpe em que projeta o lutador na direção diagonal esquerda para frente.')	;

INSERT INTO MOTIVO_PENALIZACAO (id, nome, descricao) VALUES (1, 'AÇÃO CONTRA O ESPÍRITO DO JUDÔ', 'Motivo de penalização quando um lutador realiza qualquer ação que seja contra o espírito do judô.')	;
INSERT INTO MOTIVO_PENALIZACAO (id, nome, descricao) VALUES (2, 'ADOTAR POSTURA DESRESPEITOSA', 'Motivo de penalização quando um lutador faz chamadas, comentários ou gestos desrespeitosos ao adversário ou árbitro durante a luta.')	;
INSERT INTO MOTIVO_PENALIZACAO (id, nome, descricao) VALUES (3, 'APLICAR TÉCNICA PROIBIDA', 'Motivo de penalização quando um lutador aplica uma técnica proibida em competição.')	;
INSERT INTO MOTIVO_PENALIZACAO (id, nome, descricao) VALUES (4, 'ARRUMAR OU DESARRUMAR O JUDOGI SEM PERMISSÃO', 'Motivo de penalização quando um lutador arruma ou dessaruma o judogi ou amarra ou desamarra a faixa ou as calças sem a permissão do Árbitro.')	;
INSERT INTO MOTIVO_PENALIZACAO (id, nome, descricao) VALUES (5, 'ATACAR PESCOÇO OU COLUNA DO ADVERSÁRIO', 'Motivo de penalização quando um lutador realiza qualquer ação que possa por em perigo ou machucar o adversário especialmente seu pescoço ou coluna vertebral, ou que possa ser contra o espírito do judô.')	;
INSERT INTO MOTIVO_PENALIZACAO (id, nome, descricao) VALUES (6, 'ATAQUE COM A MÃO OU BRAÇO ABAIXO DA FAIXA', 'Motivo de penalização quando um lutador realiza qualquer ataque ou bloqueio com uma ou as duas mãos ou com um ou os dois braços abaixo da faixa na luta em pé.')	;
INSERT INTO MOTIVO_PENALIZACAO (id, nome, descricao) VALUES (7, 'ATAQUE COM MERGULHO', 'Motivo de penalização quando um lutador &quot;mergulha&quot; de cabeça primeiro sobre o tatami enquanto executa ou tenta executar técnicas tais como uchi-mata, harai-goshi, etc. ou cai diretamente para trás enquanto executa ou tenta uma técnica.')	;
INSERT INTO MOTIVO_PENALIZACAO (id, nome, descricao) VALUES (8, 'ATAQUE FALSO', 'Motivo de penalização quando um lutador realiza uma ação com a intenção de dar a impressão de um ataque mas que claramente demonstra que não existe a intenção de projetar o oponente.')	;
INSERT INTO MOTIVO_PENALIZACAO (id, nome, descricao) VALUES (9, 'ATAQUE TIPO TESOURA', 'Motivo de penalização quando um lutador aplica uma técnica de tesoura com as pernas contra o tronco, pescoço ou cabeça do adversário.')	;
INSERT INTO MOTIVO_PENALIZACAO (id, nome, descricao) VALUES (10, 'CAIR PARA BATER AS COSTAS DO ADVERSÁRIO', 'Motivo de penalização quando um lutador intencionalmente cai de costas quando o adversário está agarrado as suas costas e quando um tem o controle dos movimentos do outro.')	;
INSERT INTO MOTIVO_PENALIZACAO (id, nome, descricao) VALUES (11, 'CHUTAR ADVERSÁRIO', 'Motivo de penalização quando um lutador chuta com o joelho ou o pé a mão ou braço do adversário com o intuito de fazê-lo largar sua pegada ou chutar a perna ou tornozelo do adversário sem aplicar técnica alguma.')	;
INSERT INTO MOTIVO_PENALIZACAO (id, nome, descricao) VALUES (12, 'COLOCAR PÉ OU PERNA NO JUDOGI DO ADVERSÁRIO', 'Motivo de penalização quando um lutador coloca o pé ou perna na faixa, colarinho ou lapela do adversário.')	;
INSERT INTO MOTIVO_PENALIZACAO (id, nome, descricao) VALUES (13, 'DESRESPEITAR COMANDO DO ÁRBITRO', 'Motivo de penalização quando um lutador desrespeita os comando do Árbitro.')	;
INSERT INTO MOTIVO_PENALIZACAO (id, nome, descricao) VALUES (14, 'DOBRAR DEDOS DO ADVERSÁRIO', 'Motivo de penalização quando um lutador dobra para trás os dedos do adversário com intuito de quebrar sua pegada.')	;
INSERT INTO MOTIVO_PENALIZACAO (id, nome, descricao) VALUES (15, 'ESTRANGULAMENTO ILEGAL', 'Motivo de penalização quando um lutador aplica uma técnica de estrangulamento usando a sua faixa ou do oponente, ou a barra da jaqueta, ou usando somente os dedos.')	;
INSERT INTO MOTIVO_PENALIZACAO (id, nome, descricao) VALUES (16, 'EVITAR TENTATIVA DE PEGADA', 'Motivo de penalização quando um lutador intencionalmente evita a tentativa de pegada do oponente para evitar ação na luta.')	;
INSERT INTO MOTIVO_PENALIZACAO (id, nome, descricao) VALUES (17, 'FALTA DE COMBATIVIDADE', 'Motivo de penalização quando um lutador, na luta em pé, antes ou depois da pegada tiver sido estabelecida, não realiza nenhum movimento de ataque.')	;
INSERT INTO MOTIVO_PENALIZACAO (id, nome, descricao) VALUES (18, 'INICIAR NE-WAZA ILEGALMENTE', 'Motivo de penalização quando um lutador puxa o oponente para baixo com o intuito de iniciar a luta de solo sem a realização de um técnica de projeção válida.')	;
INSERT INTO MOTIVO_PENALIZACAO (id, nome, descricao) VALUES (19, 'LEVANTAR E ATIRAR O ADVERSÁRIO NO CHÃO', 'Motivo de penalização quando um lutador levanta um adversário deitado e o atira de volta ao chão.')	;
INSERT INTO MOTIVO_PENALIZACAO (id, nome, descricao) VALUES (20, 'MORDER JUDOGI', 'Motivo de penalização quando um lutador morde o seu próprio judogi ou do oponente.')	;
INSERT INTO MOTIVO_PENALIZACAO (id, nome, descricao) VALUES (21, 'PEGADA "ABRAÇO DE URSO" DIRETAMENTE', 'Motivo de penalização quando um lutador abraça diretamente o oponente para projetá-lo (tipo "abraço de urso").')	;
INSERT INTO MOTIVO_PENALIZACAO (id, nome, descricao) VALUES (22, 'PEGADA ANORMAL SEM ATACAR', 'Motivo de penalização quando um lutador, na luta em pé, realiza uma pegada considerada anormal sem realizar nenhum ataque.')	;
INSERT INTO MOTIVO_PENALIZACAO (id, nome, descricao) VALUES (23, 'PEGADA PISTOLA NA MANGA', 'Motivo de penalização quando um lutador segura a ponta da manga do oponente entre o dedão e os dedos (pegada "pistola").')	;
INSERT INTO MOTIVO_PENALIZACAO (id, nome, descricao) VALUES (24, 'PEGADA POR DENTRO DA MANGA OU BARRA DA CALÇA.', 'Motivo de penalização quando um lutador enfia um ou mais dedos por dentro da manga ou barra da calça do oponente.')	;
INSERT INTO MOTIVO_PENALIZACAO (id, nome, descricao) VALUES (25, 'PEGADA TIPO BOLSO NA MANGA', 'Motivo de penalização quando um lutador segura a ponta da manga do oponente dobrando-a para fora (pegada "bolso").')	;
INSERT INTO MOTIVO_PENALIZACAO (id, nome, descricao) VALUES (26, 'PEGADA DE TORNIQUETE NA MANGA', 'Motivo de penalização quando, na luta em pé, um lutador segura continuamente a ponta da manga do oponente com proposta defensiva ou segura com pegada tipo &quot;torniquete&quot; a manga do oponente.')	;
INSERT INTO MOTIVO_PENALIZACAO (id, nome, descricao) VALUES (27, 'POSTURA DE LUTA MUITO DEFENSIVA', 'Motivo de penalização quando um lutador adota na luta em pé, após o kumi-kata, uma postura excessivamente defensiva.')	;
INSERT INTO MOTIVO_PENALIZACAO (id, nome, descricao) VALUES (28, 'QUEBRAR PEGADA COM AS DUAS MÃOS.', 'Motivo de penalização quando um lutador quebra a pegada do adversário com as duas mãos.')	;
INSERT INTO MOTIVO_PENALIZACAO (id, nome, descricao) VALUES (29, 'SAIR DA ÁREA DE LUTA', 'Motivo de penazalização quando um lutador sai da área de luta ou força o adversário a sair da área de luta.')	;
INSERT INTO MOTIVO_PENALIZACAO (id, nome, descricao) VALUES (30, 'TOCAR O ROSTO DO ADVERSÁRIO', 'Motivo de penalização quando um lutador coloca uma mão, braço, pé ou perna diretamente no rosto do oponente.')	;

INSERT INTO JUDOCA_FUNCAO (id, nome) VALUES (1, 'LUTADOR')	;
INSERT INTO JUDOCA_FUNCAO (id, nome) VALUES (2, 'ÁRBITRO')	;
